id,movie_id,celeb_id
1,1,1
2,1,2
3,1,3
4,1,4
5,1,5
6,1,6
7,1,7
8,1,7
9,1,8
10,1,9
11,1,10
12,1,11
13,1,7
14,1,11
15,1,8
16,1,12
17,1,13
18,1,14
19,1,15
20,1,16
21,2,17
22,2,18
23,2,19
24,2,20
25,2,21
26,2,22
27,2,23
28,2,24
29,2,25
30,2,26
31,2,27
32,2,17
33,2,28
34,2,17
35,2,29
36,2,17
37,2,30
38,2,31
39,2,32
40,2,33
41,2,34
42,2,35
43,2,36
44,2,37
45,2,38
46,2,39
47,2,40
48,3,41
49,3,42
50,3,43
51,3,44
52,3,45
53,3,46
54,3,47
55,3,48
56,3,49
57,3,50
58,3,51
59,3,52
60,3,53
61,3,54
62,3,55
63,3,51
64,3,56
65,3,57
66,3,58
67,3,59
68,3,60
69,3,61
70,3,62
71,3,63
72,3,64
73,3,65
74,3,66
75,3,67
76,3,68
77,4,69
78,4,70
79,4,71
80,4,72
81,4,73
82,4,74
83,4,75
84,4,76
85,4,69
86,4,69
87,4,69
88,4,69
89,4,77
90,4,78
91,4,79
92,4,80
93,4,81
94,5,82
95,5,83
96,5,84
97,5,85
98,5,86
99,5,87
100,5,88
101,5,89
102,5,90
103,5,91
104,5,92
105,5,93
106,5,94
107,5,95
108,5,96
109,5,96
110,5,97
111,5,98
112,5,99
113,5,100
114,5,101
115,5,102
116,5,103
117,5,104
118,5,105
119,5,106
120,5,107
121,5,108
122,5,109
123,5,110
124,6,111
125,6,112
126,6,113
127,6,114
128,6,115
129,6,116
130,6,117
131,6,118
132,6,119
133,6,120
134,6,121
135,6,122
136,6,123
137,6,124
138,6,125
139,6,126
140,6,127
141,6,127
142,6,128
143,6,129
144,6,130
145,6,131
146,6,132
147,6,133
148,6,134
149,6,135
150,6,136
151,6,137
152,7,138
153,7,139
154,7,140
155,7,141
156,7,142
157,7,143
158,7,144
159,7,145
160,7,146
161,7,147
162,7,85
163,7,148
164,7,149
165,7,150
166,7,151
167,7,152
168,7,153
169,7,154
170,7,155
171,7,156
172,7,157
173,7,158
174,7,159
175,7,160
176,7,98
177,7,99
178,7,100
179,7,161
180,7,162
181,7,150
182,7,163
183,7,103
184,7,164
185,7,165
186,7,166
187,7,167
188,7,168
189,7,169
190,7,110
191,8,170
192,8,171
193,8,172
194,8,173
195,8,174
196,8,175
197,8,176
198,8,177
199,8,178
200,8,179
201,8,180
202,8,181
203,8,182
204,8,183
205,8,184
206,8,185
207,8,186
208,8,187
209,8,188
210,8,189
211,8,190
212,8,191
213,8,192
214,8,193
215,8,194
216,8,195
217,8,196
218,8,197
219,8,198
220,8,199
221,9,200
222,9,139
223,9,201
224,9,202
225,9,203
226,9,204
227,9,205
228,9,206
229,9,207
230,9,208
231,9,209
232,9,210
233,9,211
234,9,212
235,9,213
236,9,214
237,9,215
238,9,216
239,9,216
240,9,216
241,9,217
242,9,218
243,9,219
244,9,220
245,9,221
246,9,222
247,9,223
248,9,224
249,9,225
250,9,226
251,9,227
252,9,228
253,10,84
254,10,89
255,10,229
256,10,230
257,10,231
258,10,232
259,10,233
260,10,234
261,10,235
262,10,236
263,10,237
264,10,238
265,10,239
266,10,239
267,10,239
268,10,240
269,10,241
270,10,242
271,10,243
272,10,244
273,10,245
274,10,246
275,10,247
276,10,248
277,10,249
278,10,250
279,11,251
280,11,252
281,11,253
282,11,254
283,11,255
284,11,256
285,11,257
286,11,239
287,11,258
288,11,259
289,11,260
290,11,261
291,11,262
292,11,263
293,11,264
294,11,265
295,11,266
296,11,267
297,11,268
298,11,269
299,11,270
300,11,271
301,11,272
302,11,273
303,11,274
304,11,275
305,11,271
306,11,276
307,11,277
308,11,278
309,11,279
310,11,280
311,11,281
312,11,282
313,11,283
314,11,284
315,12,285
316,12,286
317,12,287
318,12,288
319,12,289
320,12,290
321,12,291
322,12,292
323,12,293
324,12,294
325,12,295
326,12,296
327,12,297
328,12,298
329,12,299
330,12,300
331,12,300
332,12,301
333,12,302
334,12,303
335,12,304
336,12,305
337,12,306
338,12,307
339,12,308
340,12,309
341,12,310
342,12,311
343,12,312
344,13,313
345,13,314
346,13,315
347,13,316
348,13,317
349,13,318
350,13,90
351,13,319
352,13,320
353,13,321
354,13,322
355,13,323
356,13,324
357,13,325
358,13,325
359,13,326
360,13,327
361,13,328
362,13,313
363,13,325
364,13,329
365,13,330
366,13,331
367,13,332
368,13,333
369,13,334
370,13,335
371,14,336
372,14,337
373,14,338
374,14,339
375,14,340
376,14,341
377,14,342
378,14,343
379,14,344
380,14,345
381,14,320
382,14,346
383,14,347
384,14,348
385,14,349
386,14,350
387,14,347
388,14,240
389,14,351
390,14,241
391,14,239
392,14,347
393,14,352
394,14,353
395,14,354
396,14,355
397,14,356
398,14,357
399,14,358
400,14,359
401,14,360
402,15,87
403,15,361
404,15,362
405,15,363
406,15,364
407,15,365
408,15,366
409,15,206
410,15,367
411,15,368
412,15,369
413,15,370
414,15,371
415,15,372
416,15,373
417,15,374
418,15,239
419,15,239
420,15,351
421,15,375
422,15,352
423,15,376
424,15,240
425,15,241
426,15,354
427,15,239
428,15,377
429,15,378
430,15,247
431,15,379
432,15,380
433,15,381
434,15,382
435,15,250
436,16,383
437,16,384
438,16,385
439,16,386
440,16,387
441,16,388
442,16,389
443,16,390
444,16,391
445,16,392
446,16,393
447,16,394
448,16,395
449,16,396
450,16,397
451,16,398
452,16,399
453,16,400
454,16,401
455,16,402
456,16,403
457,16,404
458,16,403
459,16,383
460,16,405
461,16,406
462,16,407
463,16,408
464,16,409
465,16,410
466,16,411
467,16,412
468,16,413
469,16,414
470,16,415
471,16,416
472,16,417
473,16,418
474,16,419
475,16,420
476,17,421
477,17,384
478,17,422
479,17,423
480,17,424
481,17,425
482,17,426
483,17,427
484,17,428
485,17,429
486,17,430
487,17,431
488,17,432
489,17,433
490,17,434
491,17,435
492,17,436
493,17,437
494,17,438
495,17,439
496,17,440
497,17,440
498,17,441
499,17,441
500,17,442
501,17,443
502,17,444
503,17,445
504,17,446
505,17,447
506,17,448
507,17,449
508,17,450
509,17,451
510,17,452
511,17,453
512,17,454
513,17,455
514,17,456
515,17,457
516,18,458
517,18,459
518,18,460
519,18,461
520,18,462
521,18,463
522,18,464
523,18,465
524,18,466
525,18,467
526,18,468
527,18,469
528,18,470
529,18,471
530,18,472
531,18,473
532,18,474
533,18,475
534,18,475
535,18,476
536,18,477
537,18,478
538,18,475
539,18,479
540,18,480
541,18,481
542,18,482
543,18,483
544,18,484
545,18,485
546,18,486
547,18,487
548,18,488
549,18,489
550,18,490
551,18,491
552,18,492
553,19,493
554,19,494
555,19,495
556,19,496
557,19,497
558,19,498
559,19,499
560,19,464
561,19,500
562,19,501
563,19,502
564,19,503
565,19,504
566,19,505
567,19,506
568,19,507
569,19,508
570,19,509
571,19,510
572,19,509
573,19,103
574,19,511
575,19,512
576,19,513
577,19,514
578,19,510
579,19,515
580,19,516
581,19,517
582,19,518
583,19,519
584,19,520
585,19,521
586,19,522
587,20,496
588,20,523
589,20,524
590,20,525
591,20,526
592,20,527
593,20,528
594,20,529
595,20,530
596,20,531
597,20,532
598,20,533
599,20,533
600,20,534
601,20,535
602,20,536
603,20,537
604,20,538
605,20,539
606,20,540
607,20,541
608,20,542
609,20,543
610,20,108
611,20,544
612,20,545
613,20,546
614,21,547
615,21,548
616,21,549
617,21,550
618,21,551
619,21,552
620,21,553
621,21,554
622,21,555
623,21,556
624,21,557
625,21,558
626,21,559
627,21,557
628,21,558
629,21,560
630,21,561
631,21,562
632,21,563
633,21,564
634,21,565
635,21,566
636,21,567
637,21,568
638,21,569
639,21,570
640,21,571
641,21,572
642,21,573
643,21,574
644,22,575
645,22,576
646,22,577
647,22,578
648,22,579
649,22,580
650,22,581
651,22,582
652,22,583
653,22,584
654,22,585
655,22,586
656,22,587
657,22,588
658,22,589
659,22,590
660,22,591
661,22,592
662,22,593
663,22,594
664,22,595
665,22,595
666,22,596
667,22,597
668,22,598
669,22,599
670,22,600
671,22,601
672,22,602
673,22,603
674,22,604
675,22,605
676,22,569
677,22,606
678,22,607
679,23,608
680,23,174
681,23,609
682,23,610
683,23,611
684,23,612
685,23,613
686,23,614
687,23,615
688,23,616
689,23,617
690,23,618
691,23,619
692,23,620
693,23,621
694,24,622
695,24,623
696,24,624
697,24,625
698,24,626
699,24,627
700,24,628
701,24,629
702,24,630
703,24,631
704,24,632
705,24,633
706,24,634
707,24,635
708,24,636
709,24,595
710,24,560
711,24,637
712,24,638
713,24,65
714,24,66
715,24,67
716,25,639
717,25,640
718,25,641
719,25,642
720,25,643
721,25,644
722,25,645
723,25,646
724,25,647
725,25,648
726,25,649
727,25,649
728,25,649
729,25,650
730,25,651
731,25,652
732,25,653
733,25,649
734,25,649
735,25,654
736,25,655
737,25,656
738,25,657
739,25,658
740,26,659
741,26,505
742,26,660
743,26,661
744,26,662
745,26,663
746,26,664
747,26,665
748,26,666
749,26,667
750,26,668
751,26,669
752,26,670
753,26,671
754,26,672
755,26,673
756,26,674
757,26,675
758,26,676
759,26,677
760,26,678
761,26,679
762,26,680
763,26,681
764,26,682
765,26,683
766,26,485
767,26,684
768,26,685
769,26,686
770,26,687
771,26,688
772,26,689
773,26,690
774,26,691
775,26,692
776,26,693
777,26,694
778,26,695
779,27,148
780,27,696
781,27,697
782,27,698
783,27,699
784,27,700
785,27,701
786,27,320
787,27,702
788,27,703
789,27,704
790,27,705
791,27,706
792,27,707
793,27,708
794,27,709
795,27,710
796,27,711
797,27,712
798,27,713
799,27,148
800,27,714
801,27,148
802,27,715
803,27,716
804,27,717
805,27,718
806,27,719
807,27,720
808,27,721
809,27,722
810,27,723
811,27,148
812,27,724
813,27,725
814,27,726
815,27,727
816,27,728
817,27,729
818,27,730
819,28,731
820,28,732
821,28,733
822,28,734
823,28,735
824,28,736
825,28,737
826,28,738
827,28,739
828,28,277
829,28,740
830,28,277
831,28,741
832,28,270
833,28,274
834,28,278
835,28,742
836,28,743
837,28,744
838,28,283
839,28,284
840,29,745
841,29,746
842,29,747
843,29,748
844,29,749
845,29,750
846,29,751
847,29,752
848,29,746
849,29,753
850,29,754
851,29,746
852,29,755
853,29,756
854,29,757
855,29,746
856,29,758
857,29,759
858,29,754
859,29,753
860,29,760
861,29,761
862,29,762
863,29,763
864,29,764
865,29,765
866,30,766
867,30,767
868,30,768
869,30,769
870,30,770
871,30,771
872,30,772
873,30,773
874,30,774
875,30,775
876,30,776
877,30,777
878,30,778
879,30,779
880,30,780
881,30,781
882,30,782
883,30,783
884,30,784
885,30,778
886,30,779
887,30,785
888,30,786
889,30,357
890,30,787
891,30,788
892,30,789
893,30,790
894,30,791
895,31,792
896,31,793
897,31,794
898,31,795
899,31,796
900,31,797
901,31,798
902,31,799
903,31,800
904,31,800
905,31,301
906,31,302
907,31,304
908,31,801
909,31,802
910,31,803
911,31,804
912,32,805
913,32,806
914,32,807
915,32,578
916,32,808
917,32,809
918,32,810
919,32,811
920,32,812
921,32,813
922,32,814
923,32,815
924,32,816
925,32,817
926,32,818
927,32,819
928,32,820
929,32,821
930,32,822
931,32,823
932,32,824
933,32,825
934,32,826
935,32,827
936,32,828
937,32,560
938,32,829
939,32,830
940,32,601
941,32,831
942,32,832
943,32,833
944,33,834
945,33,292
946,33,835
947,33,836
948,33,837
949,33,838
950,33,839
951,33,840
952,33,841
953,33,842
954,33,843
955,33,844
956,33,845
957,33,846
958,33,847
959,33,848
960,33,849
961,33,850
962,33,851
963,33,852
964,33,853
965,33,854
966,33,855
967,33,856
968,33,857
969,33,858
970,33,859
971,33,854
972,33,860
973,33,861
974,33,862
975,33,863
976,33,864
977,33,865
978,33,866
979,33,867
980,33,868
981,33,869
982,33,870
983,33,871
984,34,872
985,34,873
986,34,874
987,34,875
988,34,876
989,34,877
990,34,878
991,34,879
992,34,880
993,34,881
994,34,882
995,34,883
996,34,883
997,34,884
998,34,885
999,34,886
1000,34,887
1001,34,888
1002,34,889
1003,34,103
1004,34,890
1005,34,891
1006,34,892
1007,34,893
1008,34,894
1009,34,895
1010,35,622
1011,35,896
1012,35,897
1013,35,898
1014,35,899
1015,35,900
1016,35,901
1017,35,902
1018,35,4
1019,35,903
1020,35,904
1021,35,905
1022,35,906
1023,35,907
1024,35,908
1025,35,909
1026,35,910
1027,35,911
1028,35,908
1029,35,912
1030,35,913
1031,35,13
1032,35,14
1033,35,914
1034,35,16
1035,35,915
1036,35,916
1037,36,917
1038,36,918
1039,36,919
1040,36,920
1041,36,921
1042,36,922
1043,36,923
1044,36,924
1045,36,925
1046,36,925
1047,36,926
1048,36,927
1049,36,928
1050,36,929
1051,36,930
1052,36,931
1053,36,932
1054,36,933
1055,36,921
1056,37,934
1057,37,935
1058,37,936
1059,37,937
1060,37,938
1061,37,939
1062,37,940
1063,37,941
1064,37,942
1065,37,943
1066,37,944
1067,37,945
1068,37,946
1069,37,947
1070,37,948
1071,37,949
1072,37,950
1073,37,951
1074,37,276
1075,37,952
1076,37,952
1077,37,953
1078,37,954
1079,37,955
1080,37,956
1081,37,276
1082,37,743
1083,38,957
1084,38,958
1085,38,959
1086,38,960
1087,38,961
1088,38,962
1089,38,963
1090,38,964
1091,38,965
1092,38,966
1093,38,458
1094,38,967
1095,38,967
1096,38,968
1097,38,967
1098,38,329
1099,38,969
1100,38,970
1101,38,971
1102,38,972
1103,38,973
1104,38,974
1105,38,975
1106,38,976
1107,38,977
1108,38,978
1109,38,979
1110,38,980
1111,38,981
1112,38,982
1113,38,335
1114,39,983
1115,39,984
1116,39,337
1117,39,985
1118,39,986
1119,39,987
1120,39,92
1121,39,84
1122,39,988
1123,39,989
1124,39,990
1125,39,991
1126,39,992
1127,39,993
1128,39,994
1129,39,995
1130,39,996
1131,39,997
1132,39,213
1133,39,844
1134,39,216
1135,39,216
1136,39,998
1137,39,217
1138,39,330
1139,39,220
1140,39,999
1141,39,222
1142,39,223
1143,39,1000
1144,39,1001
1145,39,1002
1146,39,1003
1147,39,1004
1148,39,228
1149,40,1005
1150,40,1006
1151,40,1007
1152,40,1008
1153,40,1009
1154,40,1010
1155,40,1011
1156,40,1012
1157,40,1013
1158,41,1014
1159,41,205
1160,41,1015
1161,41,1016
1162,41,1017
1163,41,1018
1164,41,1019
1165,41,1020
1166,41,1021
1167,41,1022
1168,41,1023
1169,41,1024
1170,41,1025
1171,41,1026
1172,41,1027
1173,41,1028
1174,41,1028
1175,41,1029
1176,41,1028
1177,41,1030
1178,41,1031
1179,41,1032
1180,41,1033
1181,41,1034
1182,41,1035
1183,41,1036
1184,41,1037
1185,41,1038
1186,41,1039
1187,41,1040
1188,42,141
1189,42,1041
1190,42,1042
1191,42,1043
1192,42,1044
1193,42,152
1194,42,140
1195,42,1045
1196,42,1046
1197,42,1047
1198,42,1048
1199,42,1049
1200,42,1050
1201,42,1051
1202,42,1052
1203,42,1053
1204,42,98
1205,42,1054
1206,42,103
1207,42,100
1208,42,1055
1209,42,99
1210,42,1056
1211,42,1057
1212,42,1058
1213,42,1059
1214,42,1060
1215,42,1061
1216,42,1062
1217,42,110
1218,43,140
1219,43,1063
1220,43,1064
1221,43,504
1222,43,1065
1223,43,1066
1224,43,1067
1225,43,1068
1226,43,1069
1227,43,1070
1228,43,1071
1229,43,1072
1230,43,1073
1231,43,1074
1232,43,1075
1233,43,1074
1234,43,1076
1235,43,1077
1236,43,1078
1237,43,1079
1238,43,652
1239,43,653
1240,43,1080
1241,43,1081
1242,43,1082
1243,43,1083
1244,43,1084
1245,43,1085
1246,43,1086
1247,43,1087
1248,43,1088
1249,43,1089
1250,43,1090
1251,44,1091
1252,44,1092
1253,44,1093
1254,44,1094
1255,44,1095
1256,44,1096
1257,44,1097
1258,44,1098
1259,44,1099
1260,44,1100
1261,44,1101
1262,44,1102
1263,44,1103
1264,44,1103
1265,44,1104
1266,44,1105
1267,44,1106
1268,44,1107
1269,44,1108
1270,44,1109
1271,44,1110
1272,44,1111
1273,44,1112
1274,44,1113
1275,44,1114
1276,44,1115
1277,44,1116
1278,44,1117
1279,44,1118
1280,44,1119
1281,44,1120
1282,44,1121
1283,45,1122
1284,45,1123
1285,45,1124
1286,45,1125
1287,45,1126
1288,45,1127
1289,45,1128
1290,45,1129
1291,45,1130
1292,45,1131
1293,45,530
1294,45,1132
1295,45,1133
1296,45,152
1297,45,1134
1298,45,367
1299,45,1135
1300,45,1136
1301,45,1137
1302,45,1138
1303,45,1139
1304,45,1140
1305,45,1129
1306,45,538
1307,45,539
1308,45,534
1309,45,1141
1310,45,1142
1311,45,1143
1312,45,1138
1313,45,1144
1314,45,1145
1315,45,1146
1316,45,1147
1317,45,1148
1318,45,1149
1319,45,109
1320,45,1150
1321,46,17
1322,46,18
1323,46,1151
1324,46,1152
1325,46,1153
1326,46,1154
1327,46,1155
1328,46,1156
1329,46,1157
1330,46,1158
1331,46,1159
1332,46,1160
1333,46,1161
1334,46,1162
1335,46,1161
1336,46,1162
1337,46,1163
1338,46,1160
1339,46,828
1340,46,1164
1341,46,1165
1342,46,1166
1343,46,1167
1344,46,1168
1345,46,1169
1346,46,1170
1347,46,1171
1348,46,1172
1349,46,1173
1350,47,624
1351,47,1174
1352,47,1175
1353,47,1176
1354,47,581
1355,47,1177
1356,47,1178
1357,47,1179
1358,47,1180
1359,47,1181
1360,47,1182
1361,47,1183
1362,47,1184
1363,47,822
1364,47,822
1365,47,1185
1366,47,1186
1367,47,560
1368,47,1187
1369,47,1188
1370,47,1189
1371,47,1190
1372,47,567
1373,47,568
1374,47,569
1375,47,570
1376,47,1191
1377,47,572
1378,47,573
1379,47,1192
1380,48,1193
1381,48,1194
1382,48,1195
1383,48,1196
1384,48,1197
1385,48,1198
1386,48,1199
1387,48,1200
1388,48,1201
1389,48,1202
1390,48,1202
1391,48,1201
1392,48,998
1393,48,1203
1394,48,1000
1395,48,1204
1396,48,1205
1397,48,1206
1398,48,1207
1399,48,1208
1400,49,1209
1401,49,1210
1402,49,1211
1403,49,1212
1404,49,1213
1405,49,1214
1406,49,1215
1407,49,1216
1408,49,1217
1409,49,1218
1410,49,1219
1411,49,1220
1412,49,1219
1413,49,1221
1414,49,1222
1415,49,1223
1416,49,1224
1417,49,1219
1418,49,1225
1419,49,1226
1420,49,1227
1421,49,1228
1422,49,1229
1423,50,1230
1424,50,549
1425,50,1231
1426,50,178
1427,50,1232
1428,50,1233
1429,50,1234
1430,50,1235
1431,50,1236
1432,50,1237
1433,50,1238
1434,50,1239
1435,50,1240
1436,50,1241
1437,50,1242
1438,50,1243
1439,50,1244
1440,50,1245
1441,50,1246
1442,50,1247
1443,50,1248
1444,50,1249
1445,51,1250
1446,51,143
1447,51,91
1448,51,1017
1449,51,1251
1450,51,1092
1451,51,1252
1452,51,1253
1453,51,1254
1454,51,1255
1455,51,1256
1456,51,1257
1457,51,1258
1458,51,1259
1459,51,1260
1460,51,651
1461,51,1261
1462,51,1258
1463,51,1262
1464,51,1263
1465,51,1264
1466,51,1265
1467,51,1146
1468,51,1266
1469,51,1267
1470,51,1268
1471,51,1269
1472,51,1270
1473,51,1271
1474,51,1272
1475,52,1273
1476,52,1274
1477,52,1275
1478,52,1276
1479,52,1277
1480,52,1278
1481,52,1279
1482,52,1280
1483,52,1281
1484,52,1282
1485,52,1283
1486,52,1284
1487,52,1285
1488,52,1286
1489,52,1287
1490,52,1288
1491,52,1289
1492,52,1290
1493,52,1291
1494,52,1273
1495,52,1292
1496,52,1293
1497,52,1294
1498,52,1295
1499,52,1296
1500,52,63
1501,52,1297
1502,52,1298
1503,52,65
1504,52,1299
1505,52,66
1506,52,1300
1507,52,1301
1508,52,1302
1509,52,68
1510,52,1303
1511,52,1304
1512,52,1296
1513,53,1305
1514,53,1306
1515,53,1307
1516,53,460
1517,53,1308
1518,53,1309
1519,53,1310
1520,53,1311
1521,53,1312
1522,53,1313
1523,53,1314
1524,53,1315
1525,53,1316
1526,53,1317
1527,53,1318
1528,53,1319
1529,53,1320
1530,53,1321
1531,53,1322
1532,53,1317
1533,53,1316
1534,53,1315
1535,53,1323
1536,53,1324
1537,53,1325
1538,53,1326
1539,53,1327
1540,53,1328
1541,53,1329
1542,53,1330
1543,53,1331
1544,54,1332
1545,54,1333
1546,54,1334
1547,54,902
1548,54,1335
1549,54,1336
1550,54,1337
1551,54,1338
1552,54,1339
1553,54,1340
1554,54,557
1555,54,1341
1556,54,557
1557,54,1342
1558,54,1343
1559,54,1344
1560,54,562
1561,54,563
1562,54,565
1563,54,1190
1564,54,1345
1565,54,569
1566,54,1346
1567,55,1347
1568,55,1348
1569,55,1349
1570,55,1350
1571,55,1351
1572,55,1352
1573,55,1353
1574,55,1354
1575,55,1355
1576,55,1356
1577,55,1357
1578,55,1358
1579,55,1359
1580,55,1360
1581,55,1361
1582,55,1362
1583,55,1363
1584,55,1364
1585,55,1365
1586,55,1366
1587,55,1367
1588,55,1368
1589,55,1369
1590,55,1370
1591,55,1371
1592,55,1371
1593,55,1367
1594,55,1372
1595,55,1373
1596,55,192
1597,55,1374
1598,55,1375
1599,55,1376
1600,55,1377
1601,55,1378
1602,55,1379
1603,56,1380
1604,56,1381
1605,56,1382
1606,56,1383
1607,56,907
1608,56,1384
1609,56,1385
1610,56,1386
1611,56,1387
1612,56,1388
1613,56,1389
1614,56,1390
1615,56,1391
1616,56,1392
1617,56,1393
1618,56,1394
1619,56,1395
1620,56,1396
1621,56,1397
1622,56,1398
1623,56,1399
1624,57,142
1625,57,337
1626,57,1400
1627,57,992
1628,57,1401
1629,57,1402
1630,57,1403
1631,57,1404
1632,57,266
1633,57,1405
1634,57,1406
1635,57,1251
1636,57,1407
1637,57,1407
1638,57,1407
1639,57,1408
1640,57,1409
1641,57,1326
1642,57,1410
1643,57,281
1644,57,1411
1645,57,1412
1646,57,1413
1647,57,1414
1648,57,1415
1649,58,1416
1650,58,1417
1651,58,1418
1652,58,393
1653,58,1419
1654,58,1420
1655,58,1421
1656,58,800
1657,58,1422
1658,58,1423
1659,58,1424
1660,58,1425
1661,58,1426
1662,58,1427
1663,58,1428
1664,58,1429
1665,58,1430
1666,58,1431
1667,58,1432
1668,58,1433
1669,58,1434
1670,58,1435
1671,58,1416
1672,58,1436
1673,58,1416
1674,58,1435
1675,58,1437
1676,58,1438
1677,58,1439
1678,58,1440
1679,58,1441
1680,58,1442
1681,58,1443
1682,58,1444
1683,58,1445
1684,58,1446
1685,58,1447
1686,58,1448
1687,59,421
1688,59,1449
1689,59,1450
1690,59,1451
1691,59,1452
1692,59,1453
1693,59,1454
1694,59,1455
1695,59,1456
1696,59,1457
1697,59,1458
1698,59,1459
1699,59,434
1700,59,1460
1701,59,1461
1702,59,1462
1703,59,1463
1704,59,1464
1705,59,1465
1706,59,1466
1707,59,1467
1708,59,1468
1709,59,1468
1710,59,1469
1711,59,1470
1712,59,1471
1713,59,1472
1714,59,1473
1715,59,1474
1716,59,1475
1717,59,1476
1718,59,1477
1719,60,1478
1720,60,983
1721,60,984
1722,60,337
1723,60,985
1724,60,986
1725,60,987
1726,60,84
1727,60,92
1728,60,988
1729,60,989
1730,60,1479
1731,60,1480
1732,60,990
1733,60,1481
1734,60,713
1735,60,1482
1736,60,1483
1737,60,1484
1738,60,1485
1739,60,330
1740,60,1486
1741,60,330
1742,60,1487
1743,60,998
1744,60,330
1745,60,1488
1746,60,1489
1747,60,999
1748,60,1490
1749,60,1491
1750,60,1492
1751,60,1000
1752,60,1493
1753,60,1494
1754,60,1495
1755,60,1496
1756,60,1002
1757,60,1003
1758,60,1497
1759,61,1273
1760,61,1498
1761,61,1499
1762,61,1500
1763,61,1501
1764,61,592
1765,61,1502
1766,61,1503
1767,61,1504
1768,61,1505
1769,61,1506
1770,61,1507
1771,61,1508
1772,61,1509
1773,61,1510
1774,61,1294
1775,61,1511
1776,61,1512
1777,61,1513
1778,61,1514
1779,61,1297
1780,61,1515
1781,61,65
1782,61,1516
1783,61,66
1784,61,1517
1785,61,1300
1786,61,1518
1787,61,1301
1788,61,1302
1789,61,1519
1790,61,1520
1791,62,1521
1792,62,1522
1793,62,1523
1794,62,1524
1795,62,1525
1796,62,1526
1797,62,1527
1798,62,1528
1799,62,1529
1800,62,1530
1801,62,1531
1802,62,826
1803,62,1532
1804,62,1533
1805,62,31
1806,62,1534
1807,62,34
1808,62,1535
1809,62,1536
1810,62,1518
1811,62,1537
1812,62,1538
1813,62,1539
1814,63,1540
1815,63,1541
1816,63,1542
1817,63,613
1818,63,1543
1819,63,1544
1820,63,1545
1821,63,1546
1822,63,1547
1823,63,1548
1824,63,1549
1825,63,1550
1826,63,1551
1827,63,1552
1828,63,1552
1829,63,1553
1830,63,1553
1831,63,618
1832,63,1554
1833,63,1555
1834,63,1374
1835,63,1556
1836,63,1557
1837,63,1558
1838,63,1559
1839,63,1560
1840,63,1561
1841,63,1562
1842,63,1563
1843,64,1564
1844,64,1565
1845,64,1566
1846,64,1567
1847,64,1568
1848,64,1569
1849,64,1570
1850,64,1571
1851,64,1572
1852,64,1572
1853,64,1572
1854,64,1573
1855,64,1574
1856,64,1575
1857,64,1576
1858,64,1577
1859,64,1578
1860,64,1579
1861,64,1580
1862,64,1581
1863,65,1582
1864,65,1583
1865,65,1584
1866,65,1585
1867,65,1586
1868,65,1587
1869,65,1588
1870,65,1589
1871,65,649
1872,65,649
1873,65,1590
1874,65,649
1875,65,1408
1876,65,1408
1877,65,481
1878,65,1591
1879,65,1592
1880,65,1593
1881,65,1594
1882,65,649
1883,65,1595
1884,65,1596
1885,65,1597
1886,65,1598
1887,65,1599
1888,65,1600
1889,65,1601
1890,66,1602
1891,66,1603
1892,66,1604
1893,66,1605
1894,66,1606
1895,66,1607
1896,66,1608
1897,66,1609
1898,66,1610
1899,66,1610
1900,66,1611
1901,66,1612
1902,66,1613
1903,66,1611
1904,66,1614
1905,66,1615
1906,66,1616
1907,66,1617
1908,66,1618
1909,66,1619
1910,66,1620
1911,66,1621
1912,67,170
1913,67,1622
1914,67,175
1915,67,1528
1916,67,1623
1917,67,176
1918,67,1624
1919,67,6
1920,67,1625
1921,67,1626
1922,67,1627
1923,67,1628
1924,67,1629
1925,67,1630
1926,67,1631
1927,67,1632
1928,67,1633
1929,67,1634
1930,67,1635
1931,67,1634
1932,67,187
1933,67,1636
1934,67,192
1935,67,1637
1936,67,1638
1937,68,229
1938,68,1639
1939,68,767
1940,68,1640
1941,68,1641
1942,68,1642
1943,68,1643
1944,68,1644
1945,68,1645
1946,68,1646
1947,68,1646
1948,68,1647
1949,68,1648
1950,68,244
1951,68,1646
1952,68,376
1953,68,241
1954,68,1649
1955,68,1650
1956,68,1651
1957,68,1652
1958,68,1653
1959,68,1654
1960,68,1655
1961,68,250
1962,69,1656
1963,69,1657
1964,69,1047
1965,69,1658
1966,69,1659
1967,69,1660
1968,69,1661
1969,69,84
1970,69,1662
1971,69,1663
1972,69,534
1973,69,1664
1974,69,1665
1975,69,1666
1976,69,1667
1977,69,1668
1978,69,1669
1979,69,1670
1980,69,1671
1981,69,1672
1982,69,1673
1983,69,534
1984,69,538
1985,69,539
1986,69,1674
1987,69,1672
1988,69,1675
1989,69,1676
1990,69,1673
1991,69,1677
1992,69,971
1993,69,1678
1994,69,1266
1995,69,1679
1996,69,1680
1997,69,1681
1998,69,1682
1999,69,1683
2000,70,1684
2001,70,534
2002,70,1685
2003,70,1686
2004,70,1687
2005,70,1688
2006,70,1689
2007,70,1690
2008,70,1661
2009,70,1691
2010,70,384
2011,70,1692
2012,70,1693
2013,70,1694
2014,70,1695
2015,70,1696
2016,70,1697
2017,70,1698
2018,70,1699
2019,70,1700
2020,70,1701
2021,70,1701
2022,70,1408
2023,70,1702
2024,70,1701
2025,70,1703
2026,70,1704
2027,70,1705
2028,70,1706
2029,70,1707
2030,70,1708
2031,70,1709
2032,70,1710
2033,70,1711
2034,70,1712
2035,70,1713
2036,70,1714
2037,70,1715
2038,71,1716
2039,71,1717
2040,71,1718
2041,71,1719
2042,71,1720
2043,71,1721
2044,71,1722
2045,71,1661
2046,71,1723
2047,71,1724
2048,71,1725
2049,71,1726
2050,71,1727
2051,71,1728
2052,71,1729
2053,71,1730
2054,71,1731
2055,71,733
2056,71,1732
2057,71,1733
2058,71,1716
2059,71,1734
2060,71,1735
2061,71,1716
2062,71,1583
2063,71,1736
2064,71,1737
2065,71,1738
2066,71,1739
2067,71,1740
2068,71,1741
2069,71,420
2070,71,1742
2071,71,1034
2072,71,1743
2073,71,1744
2074,71,1745
2075,71,1746
2076,71,1747
2077,72,1748
2078,72,1749
2079,72,1750
2080,72,1751
2081,72,90
2082,72,1752
2083,72,1753
2084,72,1754
2085,72,1755
2086,72,1756
2087,72,1757
2088,72,1758
2089,72,1420
2090,72,1759
2091,72,269
2092,72,1760
2093,72,1761
2094,72,1762
2095,72,277
2096,72,779
2097,72,277
2098,72,1763
2099,72,779
2100,72,1764
2101,72,1765
2102,72,1766
2103,72,742
2104,72,1767
2105,72,1768
2106,72,1769
2107,72,1770
2108,73,1771
2109,73,82
2110,73,1772
2111,73,1134
2112,73,1773
2113,73,1774
2114,73,1775
2115,73,1776
2116,73,1426
2117,73,1777
2118,73,1778
2119,73,1779
2120,73,1780
2121,73,1781
2122,73,1782
2123,73,1783
2124,73,1784
2125,73,1785
2126,73,1786
2127,73,1787
2128,73,1788
2129,74,69
2130,74,1789
2131,74,1790
2132,74,1791
2133,74,1792
2134,74,1793
2135,74,1794
2136,74,71
2137,74,1795
2138,74,1796
2139,74,69
2140,74,69
2141,74,69
2142,75,1797
2143,75,1798
2144,75,1726
2145,75,288
2146,75,1799
2147,75,1800
2148,75,1721
2149,75,797
2150,75,1801
2151,75,1802
2152,75,1803
2153,75,1804
2154,75,1804
2155,75,1805
2156,75,1806
2157,75,1807
2158,75,1808
2159,75,1809
2160,75,1810
2161,75,746
2162,75,1811
2163,75,1812
2164,75,1813
2165,75,1410
2166,75,1814
2167,75,248
2168,75,1815
2169,75,1816
2170,75,1817
2171,75,1415
2172,76,1818
2173,76,1819
2174,76,1820
2175,76,1821
2176,76,1822
2177,76,1823
2178,76,1824
2179,76,1825
2180,76,1826
2181,76,1827
2182,76,1828
2183,76,1829
2184,76,1830
2185,76,1831
2186,76,1832
2187,76,1833
2188,76,1834
2189,76,1835
2190,76,1836
2191,76,1837
2192,76,1835
2193,76,1835
2194,77,1838
2195,77,1839
2196,77,1840
2197,77,173
2198,77,1841
2199,77,1842
2200,77,5
2201,77,1843
2202,77,1844
2203,77,814
2204,77,1845
2205,77,1846
2206,77,1847
2207,77,1848
2208,77,1849
2209,77,1850
2210,77,1851
2211,77,1852
2212,77,1853
2213,77,1854
2214,77,181
2215,77,1855
2216,77,1856
2217,77,1857
2218,77,1858
2219,77,187
2220,77,1859
2221,77,1860
2222,77,194
2223,77,1861
2224,77,196
2225,77,1862
2226,77,1863
2227,77,1864
2228,78,1865
2229,78,1307
2230,78,1866
2231,78,1867
2232,78,1868
2233,78,1869
2234,78,1870
2235,78,1871
2236,78,1872
2237,78,1873
2238,78,1874
2239,78,1875
2240,78,1876
2241,78,1876
2242,78,1877
2243,78,1866
2244,78,1878
2245,78,1879
2246,78,1880
2247,78,1881
2248,78,1882
2249,78,1883
2250,78,1884
2251,78,1885
2252,78,1886
2253,78,1887
2254,78,1888
2255,78,1889
2256,78,1890
2257,79,622
2258,79,1449
2259,79,1891
2260,79,813
2261,79,1892
2262,79,1893
2263,79,1894
2264,79,1895
2265,79,1896
2266,79,1897
2267,79,1898
2268,79,1899
2269,79,1900
2270,79,822
2271,79,1901
2272,79,1191
2273,79,822
2274,79,30
2275,79,1187
2276,79,1188
2277,79,1902
2278,79,1903
2279,79,1904
2280,79,1905
2281,79,1906
2282,79,1301
2283,79,1302
2284,79,1907
2285,79,1908
2286,79,1909
2287,79,1910
2288,80,1911
2289,80,1523
2290,80,1912
2291,80,1913
2292,80,807
2293,80,1914
2294,80,1915
2295,80,1916
2296,80,1917
2297,80,1918
2298,80,1919
2299,80,1920
2300,80,1920
2301,80,1921
2302,80,1922
2303,80,1923
2304,80,1924
2305,80,1925
2306,80,1926
2307,80,1927
2308,80,601
2309,80,603
2310,80,1928
2311,81,1929
2312,81,1930
2313,81,1931
2314,81,1932
2315,81,150
2316,81,1933
2317,81,1934
2318,81,1935
2319,81,1936
2320,81,1937
2321,81,1938
2322,81,1939
2323,81,1940
2324,81,1941
2325,81,1942
2326,81,1943
2327,81,1944
2328,81,1945
2329,81,1946
2330,81,1947
2331,81,1948
2332,81,98
2333,81,514
2334,81,99
2335,81,100
2336,81,1054
2337,81,1949
2338,81,1950
2339,81,103
2340,81,513
2341,81,1951
2342,81,1952
2343,81,1953
2344,81,1954
2345,81,743
2346,81,1955
2347,81,1956
2348,81,1957
2349,82,1958
2350,82,1418
2351,82,1959
2352,82,1960
2353,82,1930
2354,82,1961
2355,82,362
2356,82,1962
2357,82,1963
2358,82,1964
2359,82,1965
2360,82,1966
2361,82,1967
2362,82,1962
2363,82,1962
2364,82,1968
2365,82,1969
2366,82,955
2367,82,1970
2368,82,743
2369,83,1971
2370,83,1972
2371,83,1973
2372,83,1043
2373,83,1868
2374,83,1974
2375,83,1975
2376,83,1976
2377,83,1016
2378,83,263
2379,83,1977
2380,83,1978
2381,83,1979
2382,83,1980
2383,83,1981
2384,83,1982
2385,83,1983
2386,83,1984
2387,83,1985
2388,83,1986
2389,83,1986
2390,83,1987
2391,83,1988
2392,83,955
2393,83,1989
2394,83,1990
2395,83,743
2396,83,1991
2397,83,1992
2398,83,1993
2399,84,1994
2400,84,1995
2401,84,1996
2402,84,1997
2403,84,1998
2404,84,1999
2405,84,2000
2406,84,2001
2407,84,2002
2408,84,2003
2409,84,2004
2410,84,2005
2411,84,2006
2412,84,2007
2413,84,2004
2414,84,2008
2415,84,2009
2416,84,2010
2417,84,2011
2418,84,2012
2419,84,2013
2420,84,2014
2421,84,2015
2422,84,2016
2423,84,2017
2424,84,2018
2425,84,2019
2426,84,2020
2427,85,2021
2428,85,2022
2429,85,2023
2430,85,2024
2431,85,2025
2432,85,2026
2433,85,1915
2434,85,2027
2435,85,2028
2436,85,2029
2437,85,2030
2438,85,2031
2439,85,2032
2440,85,828
2441,85,2029
2442,85,2030
2443,85,191
2444,86,1524
2445,86,18
2446,86,2033
2447,86,2034
2448,86,2035
2449,86,2036
2450,86,2037
2451,86,2038
2452,86,2039
2453,86,2040
2454,86,2041
2455,86,2042
2456,86,2043
2457,86,2044
2458,86,2045
2459,86,822
2460,86,2046
2461,86,2047
2462,86,2048
2463,86,2049
2464,86,2050
2465,86,2051
2466,86,2052
2467,86,2053
2468,86,1902
2469,86,2054
2470,86,2055
2471,86,2056
2472,86,67
2473,86,2057
2474,86,2058
2475,86,2059
2476,86,2060
2477,86,2061
2478,86,2062
2479,87,2063
2480,87,287
2481,87,1017
2482,87,2064
2483,87,2065
2484,87,2066
2485,87,2067
2486,87,2068
2487,87,2069
2488,87,2070
2489,87,2071
2490,87,2072
2491,87,2071
2492,87,2073
2493,87,2074
2494,87,2071
2495,87,2075
2496,87,2076
2497,87,2077
2498,87,2072
2499,87,2078
2500,87,2079
2501,87,2080
2502,87,2081
2503,87,2082
2504,87,2083
2505,87,2084
2506,87,2085
2507,87,2086
2508,87,2087
2509,88,2088
2510,88,2089
2511,88,2090
2512,88,2091
2513,88,1463
2514,88,2092
2515,88,2093
2516,88,2094
2517,88,2095
2518,88,2096
2519,88,822
2520,88,2097
2521,88,2098
2522,88,822
2523,88,30
2524,88,2099
2525,88,1188
2526,89,2100
2527,89,2101
2528,89,2102
2529,89,2103
2530,89,2104
2531,89,2105
2532,89,2106
2533,89,1047
2534,89,2107
2535,89,2108
2536,89,2109
2537,89,2110
2538,89,2111
2539,89,2112
2540,89,2113
2541,89,2114
2542,89,2115
2543,89,2116
2544,89,2117
2545,89,2118
2546,89,2119
2547,89,2119
2548,89,2120
2549,89,2119
2550,89,2121
2551,89,2122
2552,89,2123
2553,89,2124
2554,89,2125
2555,89,2126
2556,89,2127
2557,89,2128
2558,89,970
2559,89,2129
2560,89,2130
2561,89,2131
2562,89,1496
2563,89,2132
2564,89,2133
2565,90,2134
2566,90,2135
2567,90,2136
2568,90,2137
2569,90,2138
2570,90,2139
2571,90,2140
2572,90,2141
2573,90,2142
2574,90,2143
2575,90,2144
2576,90,1069
2577,90,704
2578,90,2145
2579,90,2146
2580,90,2147
2581,90,2148
2582,90,2148
2583,90,2149
2584,90,2150
2585,90,2151
2586,90,2152
2587,90,2153
2588,90,1675
2589,90,2148
2590,90,2008
2591,90,2154
2592,90,2155
2593,90,2156
2594,90,2157
2595,90,2158
2596,90,2159
2597,90,2160
2598,91,2161
2599,91,2162
2600,91,2163
2601,91,2164
2602,91,2165
2603,91,364
2604,91,2166
2605,91,2167
2606,91,2168
2607,91,2169
2608,91,2169
2609,91,2170
2610,91,2171
2611,91,2172
2612,91,2169
2613,91,2170
2614,91,2173
2615,91,2174
2616,91,2175
2617,91,2176
2618,91,2177
2619,91,2178
2620,91,2169
2621,91,333
2622,91,2179
2623,91,2180
2624,91,2181
2625,91,2182
2626,92,92
2627,92,2183
2628,92,2184
2629,92,2185
2630,92,2186
2631,92,2187
2632,92,2188
2633,92,2189
2634,92,2190
2635,92,2191
2636,92,2192
2637,92,2193
2638,92,2194
2639,92,2195
2640,92,2196
2641,92,2197
2642,92,2198
2643,92,2199
2644,92,2200
2645,92,2200
2646,92,2201
2647,92,2201
2648,92,2202
2649,92,2203
2650,92,2204
2651,92,2205
2652,92,2206
2653,92,2207
2654,92,2208
2655,92,2209
2656,92,743
2657,92,2210
2658,92,2211
2659,92,2212
2660,93,2213
2661,93,2214
2662,93,1014
2663,93,2215
2664,93,2216
2665,93,2217
2666,93,2218
2667,93,2219
2668,93,2220
2669,93,2221
2670,93,2222
2671,93,2223
2672,93,2224
2673,93,2225
2674,93,2226
2675,93,2227
2676,93,2228
2677,93,2229
2678,93,2229
2679,93,2230
2680,93,2231
2681,93,2232
2682,93,2233
2683,93,2234
2684,93,2235
2685,93,2236
2686,93,2237
2687,93,1408
2688,93,2238
2689,93,2239
2690,93,2240
2691,93,2241
2692,93,2242
2693,93,2243
2694,93,2244
2695,93,2245
2696,93,2246
2697,94,2247
2698,94,2248
2699,94,2249
2700,94,2250
2701,94,2251
2702,94,2252
2703,94,2253
2704,94,2254
2705,94,2255
2706,94,2256
2707,94,2257
2708,94,2258
2709,94,2259
2710,94,2260
2711,94,2261
2712,94,2262
2713,94,2263
2714,94,2264
2715,94,2265
2716,94,2266
2717,94,2267
2718,94,2268
2719,94,2269
2720,94,2270
2721,94,2271
2722,94,2272
2723,94,2273
2724,94,2274
2725,94,2265
2726,95,1771
2727,95,2275
2728,95,2276
2729,95,2277
2730,95,2278
2731,95,497
2732,95,87
2733,95,2279
2734,95,424
2735,95,2280
2736,95,1659
2737,95,2281
2738,95,2282
2739,95,2283
2740,95,2284
2741,95,2285
2742,95,2286
2743,95,1672
2744,95,1672
2745,95,2287
2746,95,2288
2747,95,2289
2748,95,1672
2749,95,1675
2750,95,2290
2751,95,1320
2752,95,1319
2753,95,2291
2754,95,1678
2755,95,1266
2756,95,971
2757,95,1680
2758,95,227
2759,95,1679
2760,96,342
2761,96,2292
2762,96,2293
2763,96,2294
2764,96,2295
2765,96,2296
2766,96,2297
2767,96,2298
2768,96,2299
2769,96,2299
2770,96,2300
2771,96,1320
2772,96,1741
2773,96,2301
2774,96,2302
2775,96,2303
2776,96,537
2777,96,2304
2778,96,2305
2779,96,2306
2780,96,2307
2781,96,2308
2782,96,2309
2783,96,2310
2784,96,2311
2785,97,2312
2786,97,2134
2787,97,2313
2788,97,2282
2789,97,2314
2790,97,1748
2791,97,2315
2792,97,2316
2793,97,2317
2794,97,2318
2795,97,2319
2796,97,2319
2797,97,2320
2798,97,2321
2799,97,2322
2800,97,2319
2801,97,2323
2802,97,2324
2803,97,2325
2804,97,2326
2805,97,2327
2806,97,2328
2807,97,2329
2808,97,2240
2809,97,1596
2810,97,2330
2811,97,1036
2812,97,2331
2813,97,2332
2814,97,1679
2815,98,1929
2816,98,1063
2817,98,138
2818,98,1932
2819,98,150
2820,98,149
2821,98,1933
2822,98,2333
2823,98,1934
2824,98,338
2825,98,1935
2826,98,2334
2827,98,2335
2828,98,2336
2829,98,2337
2830,98,2338
2831,98,2339
2832,98,1936
2833,98,1938
2834,98,2340
2835,98,1946
2836,98,2341
2837,98,2342
2838,98,1946
2839,98,2343
2840,98,1947
2841,98,1948
2842,98,99
2843,98,100
2844,98,2344
2845,98,2345
2846,98,103
2847,98,513
2848,98,1951
2849,98,514
2850,98,98
2851,98,2346
2852,98,1953
2853,98,105
2854,98,743
2855,99,384
2856,99,424
2857,99,428
2858,99,383
2859,99,433
2860,99,431
2861,99,2347
2862,99,2348
2863,99,2349
2864,99,439
2865,99,2350
2866,99,2351
2867,99,2352
2868,99,2353
2869,99,2354
2870,99,436
2871,99,2355
2872,99,2356
2873,99,2357
2874,99,2358
2875,99,440
2876,99,440
2877,99,441
2878,99,440
2879,99,442
2880,99,2359
2881,99,2360
2882,99,2361
2883,99,2362
2884,99,444
2885,99,445
2886,99,2363
2887,99,2364
2888,99,450
2889,99,451
2890,99,2365
2891,99,2366
2892,99,2367
2893,99,2368
2894,99,2369
2895,100,2370
2896,100,2371
2897,100,2372
2898,100,2373
2899,100,2374
2900,100,2375
2901,100,2376
2902,100,2377
2903,100,2378
2904,100,2379
2905,100,2371
2906,100,2380
2907,100,2378
2908,100,2381
2909,100,2382
2910,100,2383
2911,100,2384
2912,100,2385
